calendar_event_id,period_id,event_type,title,start_date,end_date,institution_id,district_id,evaluation_intensity
CAL_AE_0001,PER_2026_1,period_start,Inicio del período académico 1,2026-01-05,2026-01-05,ALL,ALL,0
CAL_AE_0002,PER_2026_1,evaluation_week,Evaluaciones intermedias del período 1,2026-02-09,2026-02-15,ALL,ALL,2
CAL_AE_0003,PER_2026_1,evaluation_week,Evaluaciones finales del período 1,2026-03-14,2026-03-20,ALL,ALL,3
CAL_AE_0004,PER_2026_1,wellbeing_activity,Semana de pausa y bienestar 1,2026-03-02,2026-03-04,ALL,DIST_GAIA,0
CAL_AE_0005,PER_2026_1,period_end,Cierre del período académico 1,2026-03-27,2026-03-27,ALL,ALL,0
CAL_AE_0006,PER_2026_1,university_activity,Encuentro estudiantil 1-1,2026-01-23,2026-01-23,UNI_NOVA_AETHER,DIST_NEBULA,0
CAL_AE_0007,PER_2026_1,university_activity,Encuentro estudiantil 1-2,2026-01-29,2026-01-29,INST_NEXUS,DIST_VECTOR,0
CAL_AE_0008,PER_2026_1,university_activity,Encuentro estudiantil 1-3,2026-02-04,2026-02-04,UNI_HORIZONTE,DIST_HORIZON,0
CAL_AE_0009,PER_2026_2,period_start,Inicio del período académico 2,2026-04-06,2026-04-06,ALL,ALL,0
CAL_AE_0010,PER_2026_2,evaluation_week,Evaluaciones intermedias del período 2,2026-05-11,2026-05-17,ALL,ALL,2
CAL_AE_0011,PER_2026_2,evaluation_week,Evaluaciones finales del período 2,2026-06-13,2026-06-19,ALL,ALL,3
CAL_AE_0012,PER_2026_2,wellbeing_activity,Semana de pausa y bienestar 2,2026-06-01,2026-06-03,ALL,DIST_GAIA,0
CAL_AE_0013,PER_2026_2,period_end,Cierre del período académico 2,2026-06-26,2026-06-26,ALL,ALL,0
CAL_AE_0014,PER_2026_2,university_activity,Encuentro estudiantil 2-1,2026-04-24,2026-04-24,UNI_NOVA_AETHER,DIST_NEBULA,0
CAL_AE_0015,PER_2026_2,university_activity,Encuentro estudiantil 2-2,2026-04-30,2026-04-30,INST_NEXUS,DIST_VECTOR,0
CAL_AE_0016,PER_2026_2,university_activity,Encuentro estudiantil 2-3,2026-05-06,2026-05-06,UNI_HORIZONTE,DIST_HORIZON,0
CAL_AE_0017,PER_2026_3,period_start,Inicio del período académico 3,2026-07-06,2026-07-06,ALL,ALL,0
CAL_AE_0018,PER_2026_3,evaluation_week,Evaluaciones intermedias del período 3,2026-08-10,2026-08-16,ALL,ALL,2
CAL_AE_0019,PER_2026_3,evaluation_week,Evaluaciones finales del período 3,2026-09-12,2026-09-18,ALL,ALL,3
CAL_AE_0020,PER_2026_3,wellbeing_activity,Semana de pausa y bienestar 3,2026-08-31,2026-09-02,ALL,DIST_GAIA,0
CAL_AE_0021,PER_2026_3,period_end,Cierre del período académico 3,2026-09-25,2026-09-25,ALL,ALL,0
CAL_AE_0022,PER_2026_3,university_activity,Encuentro estudiantil 3-1,2026-07-24,2026-07-24,UNI_NOVA_AETHER,DIST_NEBULA,0
CAL_AE_0023,PER_2026_3,university_activity,Encuentro estudiantil 3-2,2026-07-30,2026-07-30,INST_NEXUS,DIST_VECTOR,0
CAL_AE_0024,PER_2026_3,university_activity,Encuentro estudiantil 3-3,2026-08-05,2026-08-05,UNI_HORIZONTE,DIST_HORIZON,0
CAL_AE_0025,PER_2026_4,period_start,Inicio del período académico 4,2026-10-05,2026-10-05,ALL,ALL,0
CAL_AE_0026,PER_2026_4,evaluation_week,Evaluaciones intermedias del período 4,2026-11-09,2026-11-15,ALL,ALL,2
CAL_AE_0027,PER_2026_4,evaluation_week,Evaluaciones finales del período 4,2026-12-10,2026-12-16,ALL,ALL,3
CAL_AE_0028,PER_2026_4,wellbeing_activity,Semana de pausa y bienestar 4,2026-11-30,2026-12-02,ALL,DIST_GAIA,0
CAL_AE_0029,PER_2026_4,period_end,Cierre del período académico 4,2026-12-23,2026-12-23,ALL,ALL,0
CAL_AE_0030,PER_2026_4,university_activity,Encuentro estudiantil 4-1,2026-10-23,2026-10-23,UNI_NOVA_AETHER,DIST_NEBULA,0
CAL_AE_0031,PER_2026_4,university_activity,Encuentro estudiantil 4-2,2026-10-29,2026-10-29,INST_NEXUS,DIST_VECTOR,0
CAL_AE_0032,PER_2026_4,university_activity,Encuentro estudiantil 4-3,2026-11-04,2026-11-04,UNI_HORIZONTE,DIST_HORIZON,0
